model_name,accuracy,precision,recall,f1_score
prefer,0.9117845117845118,0.8657067273172225,0.7,0.7731426866531241
