model_name,accuracy,precision,recall,f1_score
prefer,0.8997026098548941,0.7420464339581987,0.8212624584717607,0.7777125296244101
